{
  "immediate_did_effect": -0.13245127945604396,
  "immediate_did_p_value": 4.74312214633547e-89,
  "immediate_did_std_error": 0.006620098462351638,
  "immediate_did_conf_int": [
    -0.14542643401636215,
    -0.11947612489572576
  ],
  "immediate_scm_effect": -0.13066285409944636,
  "immediate_scm_pre_rmse": 0.006030395956494739,
  "sustained_did_effect": -0.018105965642860197,
  "sustained_did_p_value": 0.3727418466119168,
  "sustained_did_std_error": 0.02031298740483303,
  "sustained_did_conf_int": [
    -0.05791868937474867,
    0.021706758089028277
  ],
  "sustained_scm_effect": -0.017723892833102627,
  "sustained_scm_pre_rmse": 0.006030395956494739,
  "scm_weights": {
    "MCO": 0.2995320963677296,
    "TRU": 0.20781845706506552,
    "SPY": 0.2520947775404879,
    "VTI": 0.240554669026717,
    "EXPGY": 0.0,
    "BAH": 4.885842738943738e-18
  },
  "did_placebo_rmse": 0.0008706624834363286,
  "scm_placebo_rmse": 0.0006802998185695515,
  "parallel_trends_p_value": 0.8143922322517967,
  "parallel_trends_passes": true
}